,canonical_composer,canonical_title,split,year,midi_filename,audio_filename,duration
488,Frédéric Chopin,"12 Etudes, Op. 25",train,2004,2004/MIDI-Unprocessed_SMF_05_R1_2004_01_ORIG_MID--AUDIO_05_R1_2004_02_Track02_wav.midi,2004/MIDI-Unprocessed_SMF_05_R1_2004_01_ORIG_MID--AUDIO_05_R1_2004_02_Track02_wav.wav,1409.28857763
489,Frédéric Chopin,"12 Etudes, Op. 25",train,2004,2004/MIDI-Unprocessed_SMF_05_R1_2004_01_ORIG_MID--AUDIO_05_R1_2004_03_Track03_wav.midi,2004/MIDI-Unprocessed_SMF_05_R1_2004_01_ORIG_MID--AUDIO_05_R1_2004_03_Track03_wav.wav,327.327025835
490,Frédéric Chopin,"24 Preludes, Op. 28",train,2004,2004/MIDI-Unprocessed_XP_06_R1_2004_01_ORIG_MID--AUDIO_06_R1_2004_01_Track01_wav.midi,2004/MIDI-Unprocessed_XP_06_R1_2004_01_ORIG_MID--AUDIO_06_R1_2004_01_Track01_wav.wav,2398.64035989
491,Frédéric Chopin,"Andante Spianato and Grand Polonaise Brilliante, Op. 22",train,2008,2008/MIDI-Unprocessed_10_R3_2008_01-05_ORIG_MID--AUDIO_10_R3_2008_wav--5.midi,2008/MIDI-Unprocessed_10_R3_2008_01-05_ORIG_MID--AUDIO_10_R3_2008_wav--5.wav,809.804211563
492,Frédéric Chopin,"Andante Spianato and Grand Polonaise Brilliante, Op. 22",train,2008,2008/MIDI-Unprocessed_11_R3_2008_01-04_ORIG_MID--AUDIO_11_R3_2008_wav--4.midi,2008/MIDI-Unprocessed_11_R3_2008_01-04_ORIG_MID--AUDIO_11_R3_2008_wav--4.wav,819.874981406
493,Frédéric Chopin,"Andante Spianato and Grande Polonaise Brillante, Op. 22",train,2009,2009/MIDI-Unprocessed_13_R1_2009_01-03_ORIG_MID--AUDIO_13_R1_2009_13_R1_2009_03_WAV.midi,2009/MIDI-Unprocessed_13_R1_2009_01-03_ORIG_MID--AUDIO_13_R1_2009_13_R1_2009_03_WAV.wav,779.574540938
494,Frédéric Chopin,"Andante Spianato and Grande Polonaise Brillante, Op. 22",train,2009,2009/MIDI-Unprocessed_21_R1_2009_01-03_ORIG_MID--AUDIO_21_R1_2009_21_R1_2009_03_WAV.midi,2009/MIDI-Unprocessed_21_R1_2009_01-03_ORIG_MID--AUDIO_21_R1_2009_21_R1_2009_03_WAV.wav,794.2513425
495,Frédéric Chopin,"Andante Spianato et Grande Polonaise Brillante, Op. 22",train,2011,2011/MIDI-Unprocessed_04_R3_2011_MID--AUDIO_R3-D2_06_Track06_wav.midi,2011/MIDI-Unprocessed_04_R3_2011_MID--AUDIO_R3-D2_06_Track06_wav.wav,802.590009375
496,Frédéric Chopin,"Andante Spianato et Grande Polonaise Brillante, Op. 22",train,2011,2011/MIDI-Unprocessed_06_R1_2011_MID--AUDIO_R1-D2_17_Track17_wav.midi,2011/MIDI-Unprocessed_06_R1_2011_MID--AUDIO_R1-D2_17_Track17_wav.wav,761.139730313
497,Frédéric Chopin,"Andante spianato e grande polonaise, Op. 22",train,2017,2017/MIDI-Unprocessed_071_PIANO071_MID--AUDIO-split_07-08-17_Piano-e_1-04_wav--3.midi,2017/MIDI-Unprocessed_071_PIANO071_MID--AUDIO-split_07-08-17_Piano-e_1-04_wav--3.wav,829.847429454
498,Frédéric Chopin,"Andante spianato e grande polonaise, Op. 22",train,2017,2017/MIDI-Unprocessed_082_PIANO082_MID--AUDIO-split_07-09-17_Piano-e_2_-04_wav--2.midi,2017/MIDI-Unprocessed_082_PIANO082_MID--AUDIO-split_07-09-17_Piano-e_2_-04_wav--2.wav,824.448951633
499,Frédéric Chopin,"Andante spianato et grande polonaise brillante, Op. 22",train,2014,2014/MIDI-UNPROCESSED_04-05_R1_2014_MID--AUDIO_05_R1_2014_wav--7.midi,2014/MIDI-UNPROCESSED_04-05_R1_2014_MID--AUDIO_05_R1_2014_wav--7.wav,780.15947625
500,Frédéric Chopin,"Andante spianato et grande polonaise brillante, Op. 22",train,2015,2015/MIDI-Unprocessed_R2_D1-2-3-6-7-8-11_mid--AUDIO-from_mp3_11_R2_2015_wav--4.midi,2015/MIDI-Unprocessed_R2_D1-2-3-6-7-8-11_mid--AUDIO-from_mp3_11_R2_2015_wav--4.wav,826.469791667
501,Frédéric Chopin,"Andante spianato et grande polonaise brillante, Op. 22",train,2015,2015/MIDI-Unprocessed_R2_D2-19-21-22_mid--AUDIO-from_mp3_22_R2_2015_wav--4.midi,2015/MIDI-Unprocessed_R2_D2-19-21-22_mid--AUDIO-from_mp3_22_R2_2015_wav--4.wav,818.453125
502,Frédéric Chopin,"Andante spianato et grande polonaise brillante, Op. 22",train,2013,2013/ORIG-MIDI_01_7_7_13_Group__MID--AUDIO_14_R1_2013_wav--4.midi,2013/ORIG-MIDI_01_7_7_13_Group__MID--AUDIO_14_R1_2013_wav--4.wav,769.017660469
503,Frédéric Chopin,Ballade 4 Op. 52,train,2006,2006/MIDI-Unprocessed_04_R1_2006_01-04_ORIG_MID--AUDIO_04_R1_2006_01_Track01_wav.midi,2006/MIDI-Unprocessed_04_R1_2006_01-04_ORIG_MID--AUDIO_04_R1_2006_01_Track01_wav.wav,603.939032813
504,Frédéric Chopin,"Ballade No. 1 in G Minor, Op. 23",train,2004,2004/MIDI-Unprocessed_SMF_12_01_2004_01-05_ORIG_MID--AUDIO_12_R1_2004_07_Track07_wav.midi,2004/MIDI-Unprocessed_SMF_12_01_2004_01-05_ORIG_MID--AUDIO_12_R1_2004_07_Track07_wav.wav,551.649013656
505,Frédéric Chopin,"Ballade No. 1 in G Minor, Op. 23",train,2004,2004/MIDI-Unprocessed_SMF_17_R1_2004_01-03_ORIG_MID--AUDIO_17_R1_2004_06_Track06_wav.midi,2004/MIDI-Unprocessed_SMF_17_R1_2004_01-03_ORIG_MID--AUDIO_17_R1_2004_06_Track06_wav.wav,544.937494994
506,Frédéric Chopin,"Ballade No. 1 in G Minor, Op. 23",train,2004,2004/MIDI-Unprocessed_SMF_17_R1_2004_03-06_ORIG_MID--AUDIO_20_R2_2004_12_Track12_wav--2.midi,2004/MIDI-Unprocessed_SMF_17_R1_2004_03-06_ORIG_MID--AUDIO_20_R2_2004_12_Track12_wav--2.wav,516.970757429
507,Frédéric Chopin,"Ballade No. 1 in G Minor, Op. 23",train,2015,2015/MIDI-Unprocessed_R2_D2-12-13-15_mid--AUDIO-from_mp3_12_R2_2015_wav--5.midi,2015/MIDI-Unprocessed_R2_D2-12-13-15_mid--AUDIO-from_mp3_12_R2_2015_wav--5.wav,511.25625
508,Frédéric Chopin,"Ballade No. 1 in G Minor, Op. 23",train,2013,2013/ORIG-MIDI_02_7_8_13_Group__MID--AUDIO_12_R2_2013_wav--3.midi,2013/ORIG-MIDI_02_7_8_13_Group__MID--AUDIO_12_R2_2013_wav--3.wav,590.019442031
509,Frédéric Chopin,"Ballade No. 1 in G Minor, Op. 23",train,2013,2013/ORIG-MIDI_01_7_10_13_Group_MID--AUDIO_08_R3_2013_wav--3.midi,2013/ORIG-MIDI_01_7_10_13_Group_MID--AUDIO_08_R3_2013_wav--3.wav,511.011775313
510,Frédéric Chopin,"Ballade No. 1 in G Minor, Op. 23",train,2011,2011/MIDI-Unprocessed_04_R2_2011_MID--AUDIO_R2-D2_03_Track03_wav.midi,2011/MIDI-Unprocessed_04_R2_2011_MID--AUDIO_R2-D2_03_Track03_wav.wav,538.139152031
511,Frédéric Chopin,"Ballade No. 1 in G Minor, Op. 23",train,2011,2011/MIDI-Unprocessed_17_R1_2011_MID--AUDIO_R1-D7_05_Track05_wav.midi,2011/MIDI-Unprocessed_17_R1_2011_MID--AUDIO_R1-D7_05_Track05_wav.wav,527.426021719
512,Frédéric Chopin,"Ballade No. 1 in G Minor, Op. 23",train,2011,2011/MIDI-Unprocessed_18_R1_2011_MID--AUDIO_R1-D7_10_Track10_wav.midi,2011/MIDI-Unprocessed_18_R1_2011_MID--AUDIO_R1-D7_10_Track10_wav.wav,502.698482344
513,Frédéric Chopin,"Ballade No. 1 in G Minor, Op. 23",train,2017,2017/MIDI-Unprocessed_046_PIANO046_MID--AUDIO-split_07-06-17_Piano-e_2-02_wav--4.midi,2017/MIDI-Unprocessed_046_PIANO046_MID--AUDIO-split_07-06-17_Piano-e_2-02_wav--4.wav,558.778244879
514,Frédéric Chopin,Ballade No. 2 in F Major,train,2008,2008/MIDI-Unprocessed_02_R3_2008_01-03_ORIG_MID--AUDIO_02_R3_2008_wav--2.midi,2008/MIDI-Unprocessed_02_R3_2008_01-03_ORIG_MID--AUDIO_02_R3_2008_wav--2.wav,340.642020469
515,Frédéric Chopin,"Ballade No. 2 in F Major, Op. 38",train,2009,2009/MIDI-Unprocessed_03_R1_2009_03-08_ORIG_MID--AUDIO_03_R1_2009_03_R1_2009_04_WAV.midi,2009/MIDI-Unprocessed_03_R1_2009_03-08_ORIG_MID--AUDIO_03_R1_2009_03_R1_2009_04_WAV.wav,426.929327344
516,Frédéric Chopin,"Ballade No. 2 in F Major, Op. 38",train,2008,2008/MIDI-Unprocessed_15_R1_2008_01-04_ORIG_MID--AUDIO_15_R1_2008_wav--3.midi,2008/MIDI-Unprocessed_15_R1_2008_01-04_ORIG_MID--AUDIO_15_R1_2008_wav--3.wav,411.467270156
517,Frédéric Chopin,"Ballade No. 2 in F Major, Op. 38",train,2017,2017/MIDI-Unprocessed_050_PIANO050_MID--AUDIO-split_07-06-17_Piano-e_3-01_wav--4.midi,2017/MIDI-Unprocessed_050_PIANO050_MID--AUDIO-split_07-06-17_Piano-e_3-01_wav--4.wav,459.913344704
518,Frédéric Chopin,"Ballade No. 3 in A-flat Major, Op. 47",train,2008,2008/MIDI-Unprocessed_07_R2_2008_01-05_ORIG_MID--AUDIO_07_R2_2008_wav--4.midi,2008/MIDI-Unprocessed_07_R2_2008_01-05_ORIG_MID--AUDIO_07_R2_2008_wav--4.wav,418.390340156
519,Frédéric Chopin,"Ballade No. 3 in A-flat Major, Op. 47",train,2011,2011/MIDI-Unprocessed_10_R2_2011_MID--AUDIO_R2-D3_11_Track11_wav.midi,2011/MIDI-Unprocessed_10_R2_2011_MID--AUDIO_R2-D3_11_Track11_wav.wav,424.21966125
520,Frédéric Chopin,"Ballade No. 4 in F Minor, Op. 52",train,2008,2008/MIDI-Unprocessed_08_R1_2008_01-05_ORIG_MID--AUDIO_08_R1_2008_wav--4.midi,2008/MIDI-Unprocessed_08_R1_2008_01-05_ORIG_MID--AUDIO_08_R1_2008_wav--4.wav,647.477985
521,Frédéric Chopin,"Ballade No. 4 in F Minor, Op. 52",train,2008,2008/MIDI-Unprocessed_12_R3_2008_01-04_ORIG_MID--AUDIO_12_R3_2008_wav--2.midi,2008/MIDI-Unprocessed_12_R3_2008_01-04_ORIG_MID--AUDIO_12_R3_2008_wav--2.wav,616.031702344
522,Frédéric Chopin,"Ballade No. 4 in F Minor, Op. 52",train,2014,2014/MIDI-UNPROCESSED_01-03_R1_2014_MID--AUDIO_03_R1_2014_wav--5.midi,2014/MIDI-UNPROCESSED_01-03_R1_2014_MID--AUDIO_03_R1_2014_wav--5.wav,611.620649062
523,Frédéric Chopin,"Ballade No. 4 in F Minor, Op. 52",train,2013,2013/ORIG-MIDI_02_7_7_13_Group__MID--AUDIO_17_R1_2013_wav--4.midi,2013/ORIG-MIDI_02_7_7_13_Group__MID--AUDIO_17_R1_2013_wav--4.wav,657.425891719
524,Frédéric Chopin,"Ballade No. 4 in F Minor, Op. 52",train,2011,2011/MIDI-Unprocessed_12_R1_2011_MID--AUDIO_R1-D4_14_Track14_wav.midi,2011/MIDI-Unprocessed_12_R1_2011_MID--AUDIO_R1-D4_14_Track14_wav.wav,653.658534375
525,Frédéric Chopin,"Ballade No. 4 in F Minor, Op. 52",train,2017,2017/MIDI-Unprocessed_051_PIANO051_MID--AUDIO-split_07-06-17_Piano-e_3-02_wav--4.midi,2017/MIDI-Unprocessed_051_PIANO051_MID--AUDIO-split_07-06-17_Piano-e_3-02_wav--4.wav,641.490446425
526,Frédéric Chopin,"Ballade No. 4 in F minor, Op. 52",train,2008,2008/MIDI-Unprocessed_09_R3_2008_01-07_ORIG_MID--AUDIO_09_R3_2008_wav--5.midi,2008/MIDI-Unprocessed_09_R3_2008_01-07_ORIG_MID--AUDIO_09_R3_2008_wav--5.wav,628.508986875
527,Frédéric Chopin,Barcarolle in F#,train,2006,2006/MIDI-Unprocessed_13_R1_2006_01-06_ORIG_MID--AUDIO_13_R1_2006_06_Track06_wav.midi,2006/MIDI-Unprocessed_13_R1_2006_01-06_ORIG_MID--AUDIO_13_R1_2006_06_Track06_wav.wav,486.925260938
528,Frédéric Chopin,"Barcarolle in F-sharp Major, Op. 60",train,2013,2013/ORIG-MIDI_03_7_10_13_Group_MID--AUDIO_18_R3_2013_wav--1.midi,2013/ORIG-MIDI_03_7_10_13_Group_MID--AUDIO_18_R3_2013_wav--1.wav,499.187535
529,Frédéric Chopin,"Barcarolle, Op. 60",train,2009,2009/MIDI-Unprocessed_10_R1_2009_03-05_ORIG_MID--AUDIO_10_R1_2009_10_R1_2009_03_WAV.midi,2009/MIDI-Unprocessed_10_R1_2009_03-05_ORIG_MID--AUDIO_10_R1_2009_10_R1_2009_03_WAV.wav,553.574499844
530,Frédéric Chopin,"Barcarolle, Op. 60",train,2008,2008/MIDI-Unprocessed_08_R3_2008_01-05_ORIG_MID--AUDIO_08_R3_2008_wav--1.midi,2008/MIDI-Unprocessed_08_R3_2008_01-05_ORIG_MID--AUDIO_08_R3_2008_wav--1.wav,476.111970469
531,Frédéric Chopin,"Barcarolle, Op. 60",train,2013,2013/ORIG-MIDI_01_7_10_13_Group_MID--AUDIO_07_R3_2013_wav--3.midi,2013/ORIG-MIDI_01_7_10_13_Group_MID--AUDIO_07_R3_2013_wav--3.wav,536.125265156
532,Frédéric Chopin,"Barcarolle, Op. 60",train,2017,2017/MIDI-Unprocessed_049_PIANO049_MID--AUDIO-split_07-06-17_Piano-e_2-06_wav--5.midi,2017/MIDI-Unprocessed_049_PIANO049_MID--AUDIO-split_07-06-17_Piano-e_2-06_wav--5.wav,519.593607825
533,Frédéric Chopin,Berceuse Op. 57,validation,2008,2008/MIDI-Unprocessed_14_R1_2008_01-05_ORIG_MID--AUDIO_14_R1_2008_wav--4.midi,2008/MIDI-Unprocessed_14_R1_2008_01-05_ORIG_MID--AUDIO_14_R1_2008_wav--4.wav,261.343221562
534,Frédéric Chopin,Berceuse Op. 57 in D-flat Major,validation,2017,2017/MIDI-Unprocessed_083_PIANO083_MID--AUDIO-split_07-09-17_Piano-e_2_-06_wav--5.midi,2017/MIDI-Unprocessed_083_PIANO083_MID--AUDIO-split_07-09-17_Piano-e_2_-06_wav--5.wav,265.093786504
535,Frédéric Chopin,"Berceuse in D-Flat Major, Op. 57",validation,2014,2014/MIDI-UNPROCESSED_04-05_R1_2014_MID--AUDIO_05_R1_2014_wav--4.midi,2014/MIDI-UNPROCESSED_04-05_R1_2014_MID--AUDIO_05_R1_2014_wav--4.wav,256.01470125
536,Frédéric Chopin,"Berceuse, Op. 57",validation,2015,2015/MIDI-Unprocessed_R1_D1-9-12_mid--AUDIO-from_mp3_09_R1_2015_wav--4.midi,2015/MIDI-Unprocessed_R1_D1-9-12_mid--AUDIO-from_mp3_09_R1_2015_wav--4.wav,273.486458333
537,Frédéric Chopin,"Berceuse, Op. 57",validation,2011,2011/MIDI-Unprocessed_25_R3_2011_MID--AUDIO_R3-D9_05_Track05_wav.midi,2011/MIDI-Unprocessed_25_R3_2011_MID--AUDIO_R3-D9_05_Track05_wav.wav,293.0552625
538,Frédéric Chopin,"Complete Etudes, Opus 25",train,2004,2004/MIDI-Unprocessed_SMF_17_R1_2004_04_ORIG_MID--AUDIO_17_R1_2004_09_Track09_wav.midi,2004/MIDI-Unprocessed_SMF_17_R1_2004_04_ORIG_MID--AUDIO_17_R1_2004_09_Track09_wav.wav,1203.88854254
539,Frédéric Chopin,"Complete Etudes, Opus 25",train,2004,2004/MIDI-Unprocessed_SMF_17_R1_2004_04_ORIG_MID--AUDIO_17_R1_2004_11_Track11_wav.midi,2004/MIDI-Unprocessed_SMF_17_R1_2004_04_ORIG_MID--AUDIO_17_R1_2004_11_Track11_wav.wav,604.44159296
540,Frédéric Chopin,Etude Op. 10 No. 1,train,2015,2015/MIDI-Unprocessed_R1_D1-1-8_mid--AUDIO-from_mp3_03_R1_2015_wav--2.midi,2015/MIDI-Unprocessed_R1_D1-1-8_mid--AUDIO-from_mp3_03_R1_2015_wav--2.wav,115.228125
541,Frédéric Chopin,Etude Op. 10 No. 1,train,2015,2015/MIDI-Unprocessed_R1_D1-9-12_mid--AUDIO-from_mp3_10_R1_2015_wav--2.midi,2015/MIDI-Unprocessed_R1_D1-9-12_mid--AUDIO-from_mp3_10_R1_2015_wav--2.wav,115.634375
542,Frédéric Chopin,Etude Op. 10 No. 1,train,2015,2015/MIDI-Unprocessed_R1_D1-9-12_mid--AUDIO-from_mp3_12_R1_2015_wav--4.midi,2015/MIDI-Unprocessed_R1_D1-9-12_mid--AUDIO-from_mp3_12_R1_2015_wav--4.wav,104.165625
543,Frédéric Chopin,Etude Op. 10 No. 1,train,2015,2015/MIDI-Unprocessed_R1_D2-13-20_mid--AUDIO-from_mp3_20_R1_2015_wav--3.midi,2015/MIDI-Unprocessed_R1_D2-13-20_mid--AUDIO-from_mp3_20_R1_2015_wav--3.wav,116.702083333
544,Frédéric Chopin,Etude Op. 10 No. 1,train,2013,2013/ORIG-MIDI_02_7_7_13_Group__MID--AUDIO_19_R1_2013_wav--3.midi,2013/ORIG-MIDI_02_7_7_13_Group__MID--AUDIO_19_R1_2013_wav--3.wav,114.585889687
545,Frédéric Chopin,Etude Op. 10 No. 1 in C Major,train,2017,2017/MIDI-Unprocessed_042_PIANO042_MID--AUDIO-split_07-06-17_Piano-e_1-02_wav--2.midi,2017/MIDI-Unprocessed_042_PIANO042_MID--AUDIO-split_07-06-17_Piano-e_1-02_wav--2.wav,116.213105767
546,Frédéric Chopin,Etude Op. 10 No. 1 in C Major,train,2017,2017/MIDI-Unprocessed_043_PIANO043_MID--AUDIO-split_07-06-17_Piano-e_1-03_wav--3.midi,2017/MIDI-Unprocessed_043_PIANO043_MID--AUDIO-split_07-06-17_Piano-e_1-03_wav--3.wav,121.811368933
547,Frédéric Chopin,Etude Op. 10 No. 1 in C Major,train,2017,2017/MIDI-Unprocessed_059_PIANO059_MID--AUDIO-split_07-07-17_Piano-e_2-03_wav--3.midi,2017/MIDI-Unprocessed_059_PIANO059_MID--AUDIO-split_07-07-17_Piano-e_2-03_wav--3.wav,114.474866421
548,Frédéric Chopin,Etude Op. 10 No. 10 in A-flat Major,train,2017,2017/MIDI-Unprocessed_053_PIANO053_MID--AUDIO-split_07-06-17_Piano-e_3-04_wav--2.midi,2017/MIDI-Unprocessed_053_PIANO053_MID--AUDIO-split_07-06-17_Piano-e_3-04_wav--2.wav,124.78143985
549,Frédéric Chopin,Etude Op. 10 No. 12,test,2015,2015/MIDI-Unprocessed_R1_D1-1-8_mid--AUDIO-from_mp3_05_R1_2015_wav--4.midi,2015/MIDI-Unprocessed_R1_D1-1-8_mid--AUDIO-from_mp3_05_R1_2015_wav--4.wav,154.826041667
550,Frédéric Chopin,Etude Op. 10 No. 12,test,2015,2015/MIDI-Unprocessed_R1_D1-1-8_mid--AUDIO-from_mp3_06_R1_2015_wav--6.midi,2015/MIDI-Unprocessed_R1_D1-1-8_mid--AUDIO-from_mp3_06_R1_2015_wav--6.wav,136.134375
551,Frédéric Chopin,Etude Op. 10 No. 12,test,2015,2015/MIDI-Unprocessed_R1_D1-9-12_mid--AUDIO-from_mp3_11_R1_2015_wav--3.midi,2015/MIDI-Unprocessed_R1_D1-9-12_mid--AUDIO-from_mp3_11_R1_2015_wav--3.wav,150.49375
552,Frédéric Chopin,Etude Op. 10 No. 12,test,2015,2015/MIDI-Unprocessed_R1_D2-21-22_mid--AUDIO-from_mp3_22_R1_2015_wav--3.midi,2015/MIDI-Unprocessed_R1_D2-21-22_mid--AUDIO-from_mp3_22_R1_2015_wav--3.wav,157.636458333
553,Frédéric Chopin,Etude Op. 10 No. 12 in C Minor,test,2011,2011/MIDI-Unprocessed_07_R1_2011_MID--AUDIO_R1-D3_03_Track03_wav.midi,2011/MIDI-Unprocessed_07_R1_2011_MID--AUDIO_R1-D3_03_Track03_wav.wav,138.094146094
554,Frédéric Chopin,Etude Op. 10 No. 2,train,2015,2015/MIDI-Unprocessed_R1_D2-13-20_mid--AUDIO-from_mp3_15_R1_2015_wav--2.midi,2015/MIDI-Unprocessed_R1_D2-13-20_mid--AUDIO-from_mp3_15_R1_2015_wav--2.wav,81.2895833333
555,Frédéric Chopin,Etude Op. 10 No. 2,train,2013,2013/ORIG-MIDI_02_7_6_13_Group__MID--AUDIO_06_R1_2013_wav--3.midi,2013/ORIG-MIDI_02_7_6_13_Group__MID--AUDIO_06_R1_2013_wav--3.wav,70.726425
556,Frédéric Chopin,Etude Op. 10 No. 2 in A Minor,train,2017,2017/MIDI-Unprocessed_070_PIANO070_MID--AUDIO-split_07-08-17_Piano-e_1-02_wav--2.midi,2017/MIDI-Unprocessed_070_PIANO070_MID--AUDIO-split_07-08-17_Piano-e_1-02_wav--2.wav,79.48679
557,Frédéric Chopin,Etude Op. 10 No. 4,train,2013,2013/ORIG-MIDI_02_7_6_13_Group__MID--AUDIO_08_R1_2013_wav--3.midi,2013/ORIG-MIDI_02_7_6_13_Group__MID--AUDIO_08_R1_2013_wav--3.wav,119.150521875
558,Frédéric Chopin,Etude Op. 10 No. 4,train,2013,2013/ORIG-MIDI_01_7_7_13_Group__MID--AUDIO_14_R1_2013_wav--3.midi,2013/ORIG-MIDI_01_7_7_13_Group__MID--AUDIO_14_R1_2013_wav--3.wav,111.881565469
559,Frédéric Chopin,Etude Op. 10 No. 4 in C-Sharp Minor,train,2011,2011/MIDI-Unprocessed_01_R1_2011_MID--AUDIO_R1-D1_05_Track05_wav.midi,2011/MIDI-Unprocessed_01_R1_2011_MID--AUDIO_R1-D1_05_Track05_wav.wav,122.391704531
560,Frédéric Chopin,Etude Op. 10 No. 4 in C-Sharp Minor,train,2011,2011/MIDI-Unprocessed_18_R1_2011_MID--AUDIO_R1-D7_09_Track09_wav.midi,2011/MIDI-Unprocessed_18_R1_2011_MID--AUDIO_R1-D7_09_Track09_wav.wav,113.671093594
561,Frédéric Chopin,Etude Op. 10 No. 4 in C-Sharp Minor,train,2011,2011/MIDI-Unprocessed_21_R1_2011_MID--AUDIO_R1-D8_09_Track09_wav.midi,2011/MIDI-Unprocessed_21_R1_2011_MID--AUDIO_R1-D8_09_Track09_wav.wav,123.152921719
562,Frédéric Chopin,Etude Op. 10 No. 4 in C-sharp Minor,train,2008,2008/MIDI-Unprocessed_03_R1_2008_01-04_ORIG_MID--AUDIO_03_R1_2008_wav--3.midi,2008/MIDI-Unprocessed_03_R1_2008_01-04_ORIG_MID--AUDIO_03_R1_2008_wav--3.wav,124.61526
563,Frédéric Chopin,Etude Op. 10 No. 4 in C-sharp Minor,train,2017,2017/MIDI-Unprocessed_044_PIANO044_MID--AUDIO-split_07-06-17_Piano-e_1-04_wav--3.midi,2017/MIDI-Unprocessed_044_PIANO044_MID--AUDIO-split_07-06-17_Piano-e_1-04_wav--3.wav,123.041063763
564,Frédéric Chopin,Etude Op. 10 No. 4 in C-sharp Minor,train,2017,2017/MIDI-Unprocessed_049_PIANO049_MID--AUDIO-split_07-06-17_Piano-e_2-06_wav--3.midi,2017/MIDI-Unprocessed_049_PIANO049_MID--AUDIO-split_07-06-17_Piano-e_2-06_wav--3.wav,115.376571404
565,Frédéric Chopin,Etude Op. 10 No. 4 in C-sharp Minor,train,2017,2017/MIDI-Unprocessed_067_PIANO067_MID--AUDIO-split_07-07-17_Piano-e_3-03_wav--3.midi,2017/MIDI-Unprocessed_067_PIANO067_MID--AUDIO-split_07-07-17_Piano-e_3-03_wav--3.wav,112.612696058
566,Frédéric Chopin,Etude Op. 10 No. 5 in G-flat Major,validation,2017,2017/MIDI-Unprocessed_058_PIANO058_MID--AUDIO-split_07-07-17_Piano-e_2-02_wav--2.midi,2017/MIDI-Unprocessed_058_PIANO058_MID--AUDIO-split_07-07-17_Piano-e_2-02_wav--2.wav,95.57645475
567,Frédéric Chopin,Etude Op. 10 No. 5 in G-flat Major,validation,2017,2017/MIDI-Unprocessed_060_PIANO060_MID--AUDIO-split_07-07-17_Piano-e_2-04_wav--3.midi,2017/MIDI-Unprocessed_060_PIANO060_MID--AUDIO-split_07-07-17_Piano-e_2-04_wav--3.wav,92.236727525
568,Frédéric Chopin,Etude Op. 10 No. 5 in G-flat Major,validation,2017,2017/MIDI-Unprocessed_062_PIANO062_MID--AUDIO-split_07-07-17_Piano-e_2-07_wav--3.midi,2017/MIDI-Unprocessed_062_PIANO062_MID--AUDIO-split_07-07-17_Piano-e_2-07_wav--3.wav,98.7099864042
569,Frédéric Chopin,Etude Op. 10 No. 8,train,2015,2015/MIDI-Unprocessed_R1_D1-9-12_mid--AUDIO-from_mp3_09_R1_2015_wav--3.midi,2015/MIDI-Unprocessed_R1_D1-9-12_mid--AUDIO-from_mp3_09_R1_2015_wav--3.wav,138.896875
570,Frédéric Chopin,Etude Op. 10 No. 8,train,2013,2013/ORIG-MIDI_02_7_7_13_Group__MID--AUDIO_17_R1_2013_wav--3.midi,2013/ORIG-MIDI_02_7_7_13_Group__MID--AUDIO_17_R1_2013_wav--3.wav,125.043945469
571,Frédéric Chopin,Etude Op. 10 No. 8 in F Major,train,2008,2008/MIDI-Unprocessed_15_R1_2008_01-04_ORIG_MID--AUDIO_15_R1_2008_wav--4.midi,2008/MIDI-Unprocessed_15_R1_2008_01-04_ORIG_MID--AUDIO_15_R1_2008_wav--4.wav,135.18148875
572,Frédéric Chopin,Etude Op. 10 No. 8 in F Major,train,2011,2011/MIDI-Unprocessed_04_R1_2011_MID--AUDIO_R1-D2_04_Track04_wav.midi,2011/MIDI-Unprocessed_04_R1_2011_MID--AUDIO_R1-D2_04_Track04_wav.wav,131.456866406
573,Frédéric Chopin,Etude Op. 10 No. 8 in F Major,train,2011,2011/MIDI-Unprocessed_19_R1_2011_MID--AUDIO_R1-D7_14_Track14_wav.midi,2011/MIDI-Unprocessed_19_R1_2011_MID--AUDIO_R1-D7_14_Track14_wav.wav,149.950437656
574,Frédéric Chopin,Etude Op. 25 No. 1,train,2015,2015/MIDI-Unprocessed_R1_D1-1-8_mid--AUDIO-from_mp3_07_R1_2015_wav--3.midi,2015/MIDI-Unprocessed_R1_D1-1-8_mid--AUDIO-from_mp3_07_R1_2015_wav--3.wav,137.86875
575,Frédéric Chopin,Etude Op. 25 No. 1,train,2013,2013/ORIG-MIDI_03_7_6_13_Group__MID--AUDIO_10_R1_2013_wav--3.midi,2013/ORIG-MIDI_03_7_6_13_Group__MID--AUDIO_10_R1_2013_wav--3.wav,136.072246406
576,Frédéric Chopin,Etude Op. 25 No. 1 in A-flat Major,train,2017,2017/MIDI-Unprocessed_056_PIANO056_MID--AUDIO-split_07-07-17_Piano-e_1-05_wav--2.midi,2017/MIDI-Unprocessed_056_PIANO056_MID--AUDIO-split_07-07-17_Piano-e_1-05_wav--2.wav,147.718293271
577,Frédéric Chopin,Etude Op. 25 No. 1 in A-flat Major,train,2017,2017/MIDI-Unprocessed_057_PIANO057_MID--AUDIO-split_07-07-17_Piano-e_1-07_wav--4.midi,2017/MIDI-Unprocessed_057_PIANO057_MID--AUDIO-split_07-07-17_Piano-e_1-07_wav--4.wav,143.456562017
578,Frédéric Chopin,Etude Op. 25 No. 10,train,2013,2013/ORIG-MIDI_02_7_7_13_Group__MID--AUDIO_18_R1_2013_wav--5.midi,2013/ORIG-MIDI_02_7_7_13_Group__MID--AUDIO_18_R1_2013_wav--5.wav,250.193392969
579,Frédéric Chopin,Etude Op. 25 No. 10 in B Minor,train,2011,2011/MIDI-Unprocessed_20_R1_2011_MID--AUDIO_R1-D8_03_Track03_wav.midi,2011/MIDI-Unprocessed_20_R1_2011_MID--AUDIO_R1-D8_03_Track03_wav.wav,243.747085312
580,Frédéric Chopin,Etude Op. 25 No. 10 in B Minor,train,2011,2011/MIDI-Unprocessed_22_R1_2011_MID--AUDIO_R1-D8_11_Track11_wav.midi,2011/MIDI-Unprocessed_22_R1_2011_MID--AUDIO_R1-D8_11_Track11_wav.wav,237.826952344
581,Frédéric Chopin,Etude Op. 25 No. 10 in B Minor,train,2017,2017/MIDI-Unprocessed_041_PIANO041_MID--AUDIO-split_07-06-17_Piano-e_1-01_wav--3.midi,2017/MIDI-Unprocessed_041_PIANO041_MID--AUDIO-split_07-06-17_Piano-e_1-01_wav--3.wav,237.363153154
582,Frédéric Chopin,Etude Op. 25 No. 11,train,2015,2015/MIDI-Unprocessed_R1_D1-1-8_mid--AUDIO-from_mp3_08_R1_2015_wav--3.midi,2015/MIDI-Unprocessed_R1_D1-1-8_mid--AUDIO-from_mp3_08_R1_2015_wav--3.wav,217.536458333
583,Frédéric Chopin,Etude Op. 25 No. 11,train,2015,2015/MIDI-Unprocessed_R1_D2-13-20_mid--AUDIO-from_mp3_18_R1_2015_wav--2.midi,2015/MIDI-Unprocessed_R1_D2-13-20_mid--AUDIO-from_mp3_18_R1_2015_wav--2.wav,210.821875
584,Frédéric Chopin,Etude Op. 25 No. 11,train,2013,2013/ORIG-MIDI_02_7_8_13_Group__MID--AUDIO_08_R2_2013_wav--2.midi,2013/ORIG-MIDI_02_7_8_13_Group__MID--AUDIO_08_R2_2013_wav--2.wav,193.874004844
585,Frédéric Chopin,Etude Op. 25 No. 11 in A Minor,train,2008,2008/MIDI-Unprocessed_11_R1_2008_01-04_ORIG_MID--AUDIO_11_R1_2008_wav--4.midi,2008/MIDI-Unprocessed_11_R1_2008_01-04_ORIG_MID--AUDIO_11_R1_2008_wav--4.wav,238.691000625
586,Frédéric Chopin,Etude Op. 25 No. 11 in A Minor,train,2011,2011/MIDI-Unprocessed_11_R1_2011_MID--AUDIO_R1-D4_09_Track09_wav.midi,2011/MIDI-Unprocessed_11_R1_2011_MID--AUDIO_R1-D4_09_Track09_wav.wav,200.596754531
587,Frédéric Chopin,Etude Op. 25 No. 11 in A Minor,train,2011,2011/MIDI-Unprocessed_13_R1_2011_MID--AUDIO_R1-D5_03_Track03_wav.midi,2011/MIDI-Unprocessed_13_R1_2011_MID--AUDIO_R1-D5_03_Track03_wav.wav,221.514201563
588,Frédéric Chopin,Etude Op. 25 No. 11 in A Minor,train,2011,2011/MIDI-Unprocessed_16_R1_2011_MID--AUDIO_R1-D6_13_Track13_wav.midi,2011/MIDI-Unprocessed_16_R1_2011_MID--AUDIO_R1-D6_13_Track13_wav.wav,213.302404219
589,Frédéric Chopin,Etude Op. 25 No. 11 in A Minor,train,2011,2011/MIDI-Unprocessed_17_R1_2011_MID--AUDIO_R1-D7_04_Track04_wav.midi,2011/MIDI-Unprocessed_17_R1_2011_MID--AUDIO_R1-D7_04_Track04_wav.wav,193.441312969
590,Frédéric Chopin,Etude Op. 25 No. 11 in A Minor,train,2017,2017/MIDI-Unprocessed_051_PIANO051_MID--AUDIO-split_07-06-17_Piano-e_3-02_wav--3.midi,2017/MIDI-Unprocessed_051_PIANO051_MID--AUDIO-split_07-06-17_Piano-e_3-02_wav--3.wav,219.964734133
591,Frédéric Chopin,Etude Op. 25 No. 12,train,2015,2015/MIDI-Unprocessed_R1_D1-1-8_mid--AUDIO-from_mp3_04_R1_2015_wav--4.midi,2015/MIDI-Unprocessed_R1_D1-1-8_mid--AUDIO-from_mp3_04_R1_2015_wav--4.wav,136.692708333
592,Frédéric Chopin,Etude Op. 25 No. 12,train,2015,2015/MIDI-Unprocessed_R1_D2-13-20_mid--AUDIO-from_mp3_14_R1_2015_wav--4.midi,2015/MIDI-Unprocessed_R1_D2-13-20_mid--AUDIO-from_mp3_14_R1_2015_wav--4.wav,156.28125
593,Frédéric Chopin,Etude Op. 25 No. 12 in C Minor,train,2011,2011/MIDI-Unprocessed_09_R1_2011_MID--AUDIO_R1-D3_14_Track14_wav.midi,2011/MIDI-Unprocessed_09_R1_2011_MID--AUDIO_R1-D3_14_Track14_wav.wav,137.845748906
594,Frédéric Chopin,Etude Op. 25 No. 5 in E Minor,train,2008,2008/MIDI-Unprocessed_09_R2_2008_01-05_ORIG_MID--AUDIO_09_R2_2008_wav--2.midi,2008/MIDI-Unprocessed_09_R2_2008_01-05_ORIG_MID--AUDIO_09_R2_2008_wav--2.wav,181.853450625
595,Frédéric Chopin,Etude Op. 25 No. 6,train,2015,2015/MIDI-Unprocessed_R1_D2-13-20_mid--AUDIO-from_mp3_19_R1_2015_wav--3.midi,2015/MIDI-Unprocessed_R1_D2-13-20_mid--AUDIO-from_mp3_19_R1_2015_wav--3.wav,127.005208333
596,Frédéric Chopin,Etude Op. 25 No. 6,train,2013,2013/ORIG-MIDI_01_7_6_13_Group__MID--AUDIO_03_R1_2013_wav--3.midi,2013/ORIG-MIDI_01_7_6_13_Group__MID--AUDIO_03_R1_2013_wav--3.wav,120.675627187
597,Frédéric Chopin,Etude Op. 25 No. 6 in G-sharp Minor,train,2011,2011/MIDI-Unprocessed_03_R1_2011_MID--AUDIO_R1-D1_17_Track17_wav.midi,2011/MIDI-Unprocessed_03_R1_2011_MID--AUDIO_R1-D1_17_Track17_wav.wav,116.065589062
598,Frédéric Chopin,Etude Op. 25 No. 6 in G-sharp Minor,train,2011,2011/MIDI-Unprocessed_06_R1_2011_MID--AUDIO_R1-D2_16_Track16_wav.midi,2011/MIDI-Unprocessed_06_R1_2011_MID--AUDIO_R1-D2_16_Track16_wav.wav,110.455284844
599,Frédéric Chopin,"Etude in A Minor, Op. 25, No. 11",train,2014,2014/MIDI-UNPROCESSED_16-18_R1_2014_MID--AUDIO_18_R1_2014_wav--4.midi,2014/MIDI-UNPROCESSED_16-18_R1_2014_MID--AUDIO_18_R1_2014_wav--4.wav,221.737224844
600,Frédéric Chopin,"Etude in F Major, Op. 10, No. 8",train,2014,2014/MIDI-UNPROCESSED_16-18_R1_2014_MID--AUDIO_18_R1_2014_wav--3.midi,2014/MIDI-UNPROCESSED_16-18_R1_2014_MID--AUDIO_18_R1_2014_wav--3.wav,150.433877344
601,Frédéric Chopin,Etudes Op. 10 Nos. 8,train,2011,2011/MIDI-Unprocessed_24_R1_2011_MID--AUDIO_R1-D9_10_Track10_wav.midi,2011/MIDI-Unprocessed_24_R1_2011_MID--AUDIO_R1-D9_10_Track10_wav.wav,143.597612813
602,Frédéric Chopin,Etudes Op. 10 Nos. 9,test,2011,2011/MIDI-Unprocessed_24_R1_2011_MID--AUDIO_R1-D9_11_Track11_wav.midi,2011/MIDI-Unprocessed_24_R1_2011_MID--AUDIO_R1-D9_11_Track11_wav.wav,124.808902969
603,Frédéric Chopin,Etudes Op. 25 Nos. 1-5,train,2013,2013/ORIG-MIDI_01_7_8_13_Group__MID--AUDIO_03_R2_2013_wav--1.midi,2013/ORIG-MIDI_01_7_8_13_Group__MID--AUDIO_03_R2_2013_wav--1.wav,656.746138125
604,Frédéric Chopin,"Fantasie in F Minor, Op. 49",validation,2017,2017/MIDI-Unprocessed_061_PIANO061_MID--AUDIO-split_07-07-17_Piano-e_2-05_wav--3.midi,2017/MIDI-Unprocessed_061_PIANO061_MID--AUDIO-split_07-07-17_Piano-e_2-05_wav--3.wav,715.326623087
605,Frédéric Chopin,"Fantasy in F Minor, Op.49",validation,2009,2009/MIDI-Unprocessed_06_R1_2009_03-07_ORIG_MID--AUDIO_06_R1_2009_06_R1_2009_06_WAV.midi,2009/MIDI-Unprocessed_06_R1_2009_03-07_ORIG_MID--AUDIO_06_R1_2009_06_R1_2009_06_WAV.wav,766.870226719
606,Frédéric Chopin,Mazurka Op. 50 No. 3 in C-sharp Minor,train,2013,2013/ORIG-MIDI_01_7_7_13_Group__MID--AUDIO_11_R1_2013_wav--3.midi,2013/ORIG-MIDI_01_7_7_13_Group__MID--AUDIO_11_R1_2013_wav--3.wav,265.483174688
607,Frédéric Chopin,Mazurka Op. 6 No. 2 in C-sharp Minor,validation,2011,2011/MIDI-Unprocessed_12_R3_2011_MID--AUDIO_R3-D4_02_Track02_wav.midi,2011/MIDI-Unprocessed_12_R3_2011_MID--AUDIO_R3-D4_02_Track02_wav.wav,137.6280675
608,Frédéric Chopin,"Mazurka in C-sharp Minor, Op. 50 No. 3",train,2013,2013/ORIG-MIDI_02_7_7_13_Group__MID--AUDIO_16_R1_2013_wav--3.midi,2013/ORIG-MIDI_02_7_7_13_Group__MID--AUDIO_16_R1_2013_wav--3.wav,235.214775469
609,Frédéric Chopin,"Mazurka in D Major, Op. 33, No. 2",validation,2008,2008/MIDI-Unprocessed_07_R2_2008_01-05_ORIG_MID--AUDIO_07_R2_2008_wav--3.midi,2008/MIDI-Unprocessed_07_R2_2008_01-05_ORIG_MID--AUDIO_07_R2_2008_wav--3.wav,124.491061406
610,Frédéric Chopin,"Mazurka in F Minor, Op. 7, No. 3",validation,2014,2014/MIDI-UNPROCESSED_04-05_R1_2014_MID--AUDIO_05_R1_2014_wav--5.midi,2014/MIDI-UNPROCESSED_04-05_R1_2014_MID--AUDIO_05_R1_2014_wav--5.wav,121.519643437
611,Frédéric Chopin,"Mazurka in G-sharp Minor, Op. 33, No. 1",validation,2008,2008/MIDI-Unprocessed_07_R2_2008_01-05_ORIG_MID--AUDIO_07_R2_2008_wav--2.midi,2008/MIDI-Unprocessed_07_R2_2008_01-05_ORIG_MID--AUDIO_07_R2_2008_wav--2.wav,94.3936021875
612,Frédéric Chopin,"Mazurkas, Op. 17 (Complete)",validation,2014,2014/MIDI-UNPROCESSED_04-08-12_R3_2014_MID--AUDIO_12_R3_2014_wav--2.midi,2014/MIDI-UNPROCESSED_04-08-12_R3_2014_MID--AUDIO_12_R3_2014_wav--2.wav,775.889982656
613,Frédéric Chopin,Nocturne Op. 15 No. 1 in F Major,test,2015,2015/MIDI-Unprocessed_R1_D1-9-12_mid--AUDIO-from_mp3_12_R1_2015_wav--3.midi,2015/MIDI-Unprocessed_R1_D1-9-12_mid--AUDIO-from_mp3_12_R1_2015_wav--3.wav,240.451041667
614,Frédéric Chopin,Nocturne Op. 27 No. 1 in C-sharp Minor,test,2011,2011/MIDI-Unprocessed_22_R2_2011_MID--AUDIO_R2-D5_10_Track10_wav.midi,2011/MIDI-Unprocessed_22_R2_2011_MID--AUDIO_R2-D5_10_Track10_wav.wav,293.216854219
615,Frédéric Chopin,Nocturne Op. 27 No. 2 in D-flat Major,validation,2015,2015/MIDI-Unprocessed_R1_D2-21-22_mid--AUDIO-from_mp3_22_R1_2015_wav--4.midi,2015/MIDI-Unprocessed_R1_D2-21-22_mid--AUDIO-from_mp3_22_R1_2015_wav--4.wav,351.594791667
616,Frédéric Chopin,Nocturne Op. 27 No. 2 in D-flat Major,validation,2017,2017/MIDI-Unprocessed_058_PIANO058_MID--AUDIO-split_07-07-17_Piano-e_2-02_wav--4.midi,2017/MIDI-Unprocessed_058_PIANO058_MID--AUDIO-split_07-07-17_Piano-e_2-02_wav--4.wav,341.238712538
617,Frédéric Chopin,Nocturne Op. 32 No. 2 in A-flat Major,validation,2011,2011/MIDI-Unprocessed_02_R2_2011_MID--AUDIO_R2-D1_03_Track03_wav.midi,2011/MIDI-Unprocessed_02_R2_2011_MID--AUDIO_R2-D1_03_Track03_wav.wav,261.275112656
618,Frédéric Chopin,Nocturne Op. 48 No. 1 in C Minor,validation,2015,2015/MIDI-Unprocessed_R1_D1-1-8_mid--AUDIO-from_mp3_01_R1_2015_wav--2.midi,2015/MIDI-Unprocessed_R1_D1-1-8_mid--AUDIO-from_mp3_01_R1_2015_wav--2.wav,297.4875
619,Frédéric Chopin,Nocturne Op. 55 No. 2 in E-flat Major,validation,2015,2015/MIDI-Unprocessed_R1_D1-1-8_mid--AUDIO-from_mp3_04_R1_2015_wav--3.midi,2015/MIDI-Unprocessed_R1_D1-1-8_mid--AUDIO-from_mp3_04_R1_2015_wav--3.wav,278.460416667
620,Frédéric Chopin,Nocturne Op. 62 No. 1 in B Major,validation,2017,2017/MIDI-Unprocessed_072_PIANO072_MID--AUDIO-split_07-08-17_Piano-e_1-06_wav--3.midi,2017/MIDI-Unprocessed_072_PIANO072_MID--AUDIO-split_07-08-17_Piano-e_1-06_wav--3.wav,405.313184896
621,Frédéric Chopin,"Nocturne Op. 62, No. 2",validation,2009,2009/MIDI-Unprocessed_06_R1_2009_03-07_ORIG_MID--AUDIO_06_R1_2009_06_R1_2009_05_WAV.midi,2009/MIDI-Unprocessed_06_R1_2009_03-07_ORIG_MID--AUDIO_06_R1_2009_06_R1_2009_05_WAV.wav,371.021263594
622,Frédéric Chopin,Nocturne Op. 9 No. 2 in E-flat Major,validation,2011,2011/MIDI-Unprocessed_06_R3_2011_MID--AUDIO_R3-D3_05_Track05_wav.midi,2011/MIDI-Unprocessed_06_R3_2011_MID--AUDIO_R3-D3_05_Track05_wav.wav,220.688881875
623,Frédéric Chopin,"Nocturne in B Major, Op. 9, No. 3",test,2009,2009/MIDI-Unprocessed_02_R1_2009_03-06_ORIG_MID--AUDIO_02_R1_2009_02_R1_2009_03_WAV.midi,2009/MIDI-Unprocessed_02_R1_2009_03-06_ORIG_MID--AUDIO_02_R1_2009_02_R1_2009_03_WAV.wav,346.917388125
624,Frédéric Chopin,"Nocturne in B Major, Op. 9, No. 3",test,2014,2014/MIDI-UNPROCESSED_01-03_R1_2014_MID--AUDIO_03_R1_2014_wav--4.midi,2014/MIDI-UNPROCESSED_01-03_R1_2014_MID--AUDIO_03_R1_2014_wav--4.wav,352.914978281
625,Frédéric Chopin,"Nocturne in C Minor, Op. 48 No. 1",validation,2008,2008/MIDI-Unprocessed_16_R1_2008_01-04_ORIG_MID--AUDIO_16_R1_2008_wav--3.midi,2008/MIDI-Unprocessed_16_R1_2008_01-04_ORIG_MID--AUDIO_16_R1_2008_wav--3.wav,295.043775469
626,Frédéric Chopin,"Nocturne in C-Sharp Minor, Op. Posth.",train,2014,2014/MIDI-UNPROCESSED_04-05_R1_2014_MID--AUDIO_05_R1_2014_wav--6.midi,2014/MIDI-UNPROCESSED_04-05_R1_2014_MID--AUDIO_05_R1_2014_wav--6.wav,230.862482812
627,Frédéric Chopin,"Nocturne in C-sharp Minor, Op. 27 No. 1",test,2017,2017/MIDI-Unprocessed_057_PIANO057_MID--AUDIO-split_07-07-17_Piano-e_1-07_wav--3.midi,2017/MIDI-Unprocessed_057_PIANO057_MID--AUDIO-split_07-07-17_Piano-e_1-07_wav--3.wav,302.6908245
628,Frédéric Chopin,Nocturne in Db,validation,2006,2006/MIDI-Unprocessed_19_R1_2006_01-07_ORIG_MID--AUDIO_19_R1_2006_06_Track06_wav.midi,2006/MIDI-Unprocessed_19_R1_2006_01-07_ORIG_MID--AUDIO_19_R1_2006_06_Track06_wav.wav,423.666777187
629,Frédéric Chopin,Nocturne in Db,validation,2006,2006/MIDI-Unprocessed_19_R1_2006_01-07_ORIG_MID--AUDIO_19_R1_2006_07_Track07_wav.midi,2006/MIDI-Unprocessed_19_R1_2006_01-07_ORIG_MID--AUDIO_19_R1_2006_07_Track07_wav.wav,355.499110313
630,Frédéric Chopin,"Nocturne in E-flat Major, Op. 55 No. 2",validation,2013,2013/ORIG-MIDI_03_7_8_13_Group__MID--AUDIO_18_R2_2013_wav--3.midi,2013/ORIG-MIDI_03_7_8_13_Group__MID--AUDIO_18_R2_2013_wav--3.wav,278.441227969
631,Frédéric Chopin,"Nocturne in F-sharp Major, Op. 15, No. 2",test,2008,2008/MIDI-Unprocessed_17_R2_2008_01-04_ORIG_MID--AUDIO_17_R2_2008_wav--1.midi,2008/MIDI-Unprocessed_17_R2_2008_01-04_ORIG_MID--AUDIO_17_R2_2008_wav--1.wav,230.070549844
632,Frédéric Chopin,Polonaise Op. 26 in E-flat Minor,test,2008,2008/MIDI-Unprocessed_09_R2_2008_01-05_ORIG_MID--AUDIO_09_R2_2008_wav--3.midi,2008/MIDI-Unprocessed_09_R2_2008_01-05_ORIG_MID--AUDIO_09_R2_2008_wav--3.wav,423.697492969
633,Frédéric Chopin,Polonaise Op. 44,test,2006,2006/MIDI-Unprocessed_15_R1_2006_01-05_ORIG_MID--AUDIO_15_R1_2006_02_Track02_wav.midi,2006/MIDI-Unprocessed_15_R1_2006_01-05_ORIG_MID--AUDIO_15_R1_2006_02_Track02_wav.wav,662.006549531
634,Frédéric Chopin,Polonaise Op. 53 in A-flat Major,test,2013,2013/ORIG-MIDI_03_7_8_13_Group__MID--AUDIO_19_R2_2013_wav--4.midi,2013/ORIG-MIDI_03_7_8_13_Group__MID--AUDIO_19_R2_2013_wav--4.wav,456.126680625
635,Frédéric Chopin,Polonaise Op. 53 in A-flat Major,test,2011,2011/MIDI-Unprocessed_22_R2_2011_MID--AUDIO_R2-D5_11_Track11_wav.midi,2011/MIDI-Unprocessed_22_R2_2011_MID--AUDIO_R2-D5_11_Track11_wav.wav,379.931511094
636,Frédéric Chopin,Polonaise-Fantasie,test,2006,2006/MIDI-Unprocessed_17_R1_2006_01-06_ORIG_MID--AUDIO_17_R1_2006_02_Track02_wav.midi,2006/MIDI-Unprocessed_17_R1_2006_01-06_ORIG_MID--AUDIO_17_R1_2006_02_Track02_wav.wav,779.016315
637,Frédéric Chopin,Polonaise-Fantasie Op. 61,test,2008,2008/MIDI-Unprocessed_12_R1_2008_01-04_ORIG_MID--AUDIO_12_R1_2008_wav--4.midi,2008/MIDI-Unprocessed_12_R1_2008_01-04_ORIG_MID--AUDIO_12_R1_2008_wav--4.wav,664.581333281
638,Frédéric Chopin,"Polonaise-Fantasie, Op. 61",test,2009,2009/MIDI-Unprocessed_01_R1_2009_01-04_ORIG_MID--AUDIO_01_R1_2009_01_R1_2009_04_WAV.midi,2009/MIDI-Unprocessed_01_R1_2009_01-04_ORIG_MID--AUDIO_01_R1_2009_01_R1_2009_04_WAV.wav,721.536404531
639,Frédéric Chopin,"Polonaise-Fantasie, Op. 61",test,2009,2009/MIDI-Unprocessed_07_R1_2009_01-03_ORIG_MID--AUDIO_07_R1_2009_07_R1_2009_03_WAV.midi,2009/MIDI-Unprocessed_07_R1_2009_01-03_ORIG_MID--AUDIO_07_R1_2009_07_R1_2009_03_WAV.wav,779.399594531
640,Frédéric Chopin,"Preludes, Book II, L 123, VI. Général Lavine - eccentric",train,2015,2015/MIDI-Unprocessed_R1_D1-1-8_mid--AUDIO-from_mp3_02_R1_2015_wav--5.midi,2015/MIDI-Unprocessed_R1_D1-1-8_mid--AUDIO-from_mp3_02_R1_2015_wav--5.wav,151.232291667
641,Frédéric Chopin,"Preludes, Op.28",train,2009,2009/MIDI-Unprocessed_17_R1_2009_04_ORIG_MID--AUDIO_17_R1_2009_17_R1_2009_04_WAV.midi,2009/MIDI-Unprocessed_17_R1_2009_04_ORIG_MID--AUDIO_17_R1_2009_17_R1_2009_04_WAV.wav,2622.72440719
642,Frédéric Chopin,"Rondo in C Minor, Op. 1",test,2011,2011/MIDI-Unprocessed_19_R1_2011_MID--AUDIO_R1-D7_15_Track15_wav.midi,2011/MIDI-Unprocessed_19_R1_2011_MID--AUDIO_R1-D7_15_Track15_wav.wav,610.798000312
643,Frédéric Chopin,"Rondo in C minor, Op. 1",test,2013,2013/ORIG-MIDI_01_7_6_13_Group__MID--AUDIO_04_R1_2013_wav--4.midi,2013/ORIG-MIDI_01_7_6_13_Group__MID--AUDIO_04_R1_2013_wav--4.wav,496.481875313
644,Frédéric Chopin,"Scherzo No. 1 in B Minor, Op. 20",validation,2011,2011/MIDI-Unprocessed_01_R1_2011_MID--AUDIO_R1-D1_06_Track06_wav.midi,2011/MIDI-Unprocessed_01_R1_2011_MID--AUDIO_R1-D1_06_Track06_wav.wav,506.0037675
645,Frédéric Chopin,"Scherzo No. 1 in B Minor, Op. 20",validation,2011,2011/MIDI-Unprocessed_07_R1_2011_MID--AUDIO_R1-D3_05_Track05_wav.midi,2011/MIDI-Unprocessed_07_R1_2011_MID--AUDIO_R1-D3_05_Track05_wav.wav,527.487453281
646,Frédéric Chopin,"Scherzo No. 1 in B minor, Op. 20",validation,2013,2013/ORIG-MIDI_03_7_6_13_Group__MID--AUDIO_10_R1_2013_wav--4.midi,2013/ORIG-MIDI_03_7_6_13_Group__MID--AUDIO_10_R1_2013_wav--4.wav,555.1917525
647,Frédéric Chopin,"Scherzo No. 2 in B-Flat Minor, Op.31",train,2014,2014/MIDI-UNPROCESSED_06-08_R1_2014_MID--AUDIO_07_R1_2014_wav--3.midi,2014/MIDI-UNPROCESSED_06-08_R1_2014_MID--AUDIO_07_R1_2014_wav--3.wav,578.37549
648,Frédéric Chopin,"Scherzo No. 2 in B-flat Major, Op. 31",train,2015,2015/MIDI-Unprocessed_R1_D1-1-8_mid--AUDIO-from_mp3_07_R1_2015_wav--4.midi,2015/MIDI-Unprocessed_R1_D1-1-8_mid--AUDIO-from_mp3_07_R1_2015_wav--4.wav,581.988541667
649,Frédéric Chopin,"Scherzo No. 2 in B-flat Major, Op. 31",train,2017,2017/MIDI-Unprocessed_056_PIANO056_MID--AUDIO-split_07-07-17_Piano-e_1-05_wav--4.midi,2017/MIDI-Unprocessed_056_PIANO056_MID--AUDIO-split_07-07-17_Piano-e_1-05_wav--4.wav,558.0485476
650,Frédéric Chopin,"Scherzo No. 2 in B-flat Major, Op. 31",train,2017,2017/MIDI-Unprocessed_057_PIANO057_MID--AUDIO-split_07-07-17_Piano-e_1-07_wav--5.midi,2017/MIDI-Unprocessed_057_PIANO057_MID--AUDIO-split_07-07-17_Piano-e_1-07_wav--5.wav,581.174502658
651,Frédéric Chopin,"Scherzo No. 2 in B-flat Minor, Op. 31",train,2008,2008/MIDI-Unprocessed_10_R1_2008_01-04_ORIG_MID--AUDIO_10_R1_2008_wav--3.midi,2008/MIDI-Unprocessed_10_R1_2008_01-04_ORIG_MID--AUDIO_10_R1_2008_wav--3.wav,549.705646875
652,Frédéric Chopin,"Scherzo No. 2 in B-flat Minor, Op. 31",train,2015,2015/MIDI-Unprocessed_R1_D2-13-20_mid--AUDIO-from_mp3_16_R1_2015_wav--4.midi,2015/MIDI-Unprocessed_R1_D2-13-20_mid--AUDIO-from_mp3_16_R1_2015_wav--4.wav,533.733333333
653,Frédéric Chopin,"Scherzo No. 2 in B-flat Minor, Op. 31",train,2015,2015/MIDI-Unprocessed_R1_D2-13-20_mid--AUDIO-from_mp3_20_R1_2015_wav--4.midi,2015/MIDI-Unprocessed_R1_D2-13-20_mid--AUDIO-from_mp3_20_R1_2015_wav--4.wav,622.283333333
654,Frédéric Chopin,"Scherzo No. 2 in B-flat Minor, Op. 31",train,2015,2015/MIDI-Unprocessed_R2_D1-2-3-6-7-8-11_mid--AUDIO-from_mp3_06_R2_2015_wav--4.midi,2015/MIDI-Unprocessed_R2_D1-2-3-6-7-8-11_mid--AUDIO-from_mp3_06_R2_2015_wav--4.wav,536.088541667
655,Frédéric Chopin,"Scherzo No. 2 in B-flat Minor, Op. 31",train,2015,2015/MIDI-Unprocessed_R2_D2-19-21-22_mid--AUDIO-from_mp3_22_R2_2015_wav--3.midi,2015/MIDI-Unprocessed_R2_D2-19-21-22_mid--AUDIO-from_mp3_22_R2_2015_wav--3.wav,580.788541667
656,Frédéric Chopin,"Scherzo No. 2 in B-flat Minor, Op. 31",train,2017,2017/MIDI-Unprocessed_062_PIANO062_MID--AUDIO-split_07-07-17_Piano-e_2-07_wav--4.midi,2017/MIDI-Unprocessed_062_PIANO062_MID--AUDIO-split_07-07-17_Piano-e_2-07_wav--4.wav,577.134992537
657,Frédéric Chopin,"Scherzo No. 2 in B-flat Minor, Op.31",train,2009,2009/MIDI-Unprocessed_06_R1_2009_03-07_ORIG_MID--AUDIO_06_R1_2009_06_R1_2009_07_WAV.midi,2009/MIDI-Unprocessed_06_R1_2009_03-07_ORIG_MID--AUDIO_06_R1_2009_06_R1_2009_07_WAV.wav,565.314605625
658,Frédéric Chopin,Scherzo No. 3,train,2006,2006/MIDI-Unprocessed_01_R1_2006_01-09_ORIG_MID--AUDIO_01_R1_2006_05_Track05_wav.midi,2006/MIDI-Unprocessed_01_R1_2006_01-09_ORIG_MID--AUDIO_01_R1_2006_05_Track05_wav.wav,433.202024063
659,Frédéric Chopin,"Scherzo No. 3 in C-sharp Minor, Op. 39",train,2015,2015/MIDI-Unprocessed_R1_D1-1-8_mid--AUDIO-from_mp3_05_R1_2015_wav--5.midi,2015/MIDI-Unprocessed_R1_D1-1-8_mid--AUDIO-from_mp3_05_R1_2015_wav--5.wav,418.929166667
660,Frédéric Chopin,"Scherzo No. 4  in E Major, Op. 54",train,2011,2011/MIDI-Unprocessed_23_R1_2011_MID--AUDIO_R1-D9_04_Track04_wav.midi,2011/MIDI-Unprocessed_23_R1_2011_MID--AUDIO_R1-D9_04_Track04_wav.wav,688.719930938
661,Frédéric Chopin,"Scherzo No. 4 in E Major, Op. 54",train,2004,2004/MIDI-Unprocessed_XP_10_R1_2004_03-04_ORIG_MID--AUDIO_10_R1_2004_03_Track03_wav.midi,2004/MIDI-Unprocessed_XP_10_R1_2004_03-04_ORIG_MID--AUDIO_10_R1_2004_03_Track03_wav.wav,637.803674029
662,Frédéric Chopin,"Scherzo No. 4 in E Major, Op. 54",train,2009,2009/MIDI-Unprocessed_16_R1_2009_01-02_ORIG_MID--AUDIO_16_R1_2009_16_R1_2009_02_WAV.midi,2009/MIDI-Unprocessed_16_R1_2009_01-02_ORIG_MID--AUDIO_16_R1_2009_16_R1_2009_02_WAV.wav,691.635259219
663,Frédéric Chopin,"Scherzo No. 4 in E Major, Op. 54",train,2008,2008/MIDI-Unprocessed_08_R2_2008_01-04_ORIG_MID--AUDIO_08_R2_2008_wav--1.midi,2008/MIDI-Unprocessed_08_R2_2008_01-04_ORIG_MID--AUDIO_08_R2_2008_wav--1.wav,623.886929531
664,Frédéric Chopin,"Scherzo No. 4 in E Major, Op. 54",train,2014,2014/MIDI-UNPROCESSED_06-08_R1_2014_MID--AUDIO_07_R1_2014_wav--4.midi,2014/MIDI-UNPROCESSED_06-08_R1_2014_MID--AUDIO_07_R1_2014_wav--4.wav,624.909898594
665,Frédéric Chopin,"Scherzo No. 4 in E Major, Op. 54",train,2015,2015/MIDI-Unprocessed_R1_D2-13-20_mid--AUDIO-from_mp3_15_R1_2015_wav--5.midi,2015/MIDI-Unprocessed_R1_D2-13-20_mid--AUDIO-from_mp3_15_R1_2015_wav--5.wav,665.485416667
666,Frédéric Chopin,"Scherzo No. 4 in E Major, Op. 54",train,2013,2013/ORIG-MIDI_03_7_6_13_Group__MID--AUDIO_09_R1_2013_wav--4.midi,2013/ORIG-MIDI_03_7_6_13_Group__MID--AUDIO_09_R1_2013_wav--4.wav,650.51217
667,Frédéric Chopin,"Scherzo No. 4 in E Major, Op. 54",train,2017,2017/MIDI-Unprocessed_041_PIANO041_MID--AUDIO-split_07-06-17_Piano-e_1-01_wav--4.midi,2017/MIDI-Unprocessed_041_PIANO041_MID--AUDIO-split_07-06-17_Piano-e_1-01_wav--4.wav,656.379262358
668,Frédéric Chopin,"Scherzo No. 4 in E Major, Op. 54",train,2017,2017/MIDI-Unprocessed_044_PIANO044_MID--AUDIO-split_07-06-17_Piano-e_1-04_wav--4.midi,2017/MIDI-Unprocessed_044_PIANO044_MID--AUDIO-split_07-06-17_Piano-e_1-04_wav--4.wav,631.082377767
669,Frédéric Chopin,"Scherzo No. 4 in E Major, Op. 54",train,2017,2017/MIDI-Unprocessed_048_PIANO048_MID--AUDIO-split_07-06-17_Piano-e_2-05_wav--4.midi,2017/MIDI-Unprocessed_048_PIANO048_MID--AUDIO-split_07-06-17_Piano-e_2-05_wav--4.wav,624.929630137
670,Frédéric Chopin,"Scherzo No. 4 in E Major, Op. 54",train,2017,2017/MIDI-Unprocessed_053_PIANO053_MID--AUDIO-split_07-06-17_Piano-e_3-04_wav--4.midi,2017/MIDI-Unprocessed_053_PIANO053_MID--AUDIO-split_07-06-17_Piano-e_3-04_wav--4.wav,655.006405837
671,Frédéric Chopin,Sonata 3 Op. 58,train,2006,2006/MIDI-Unprocessed_07_R1_2006_01-04_ORIG_MID--AUDIO_07_R1_2006_03_Track03_wav.midi,2006/MIDI-Unprocessed_07_R1_2006_01-04_ORIG_MID--AUDIO_07_R1_2006_03_Track03_wav.wav,1442.79636703
672,Frédéric Chopin,"Sonata No. 2 in B-flat Minor, Op. 35",test,2018,2018/MIDI-Unprocessed_Recital5-7_MID--AUDIO_06_R1_2018_wav--3.midi,2018/MIDI-Unprocessed_Recital5-7_MID--AUDIO_06_R1_2018_wav--3.wav,1461.01216078
673,Frédéric Chopin,"Sonata No. 2 in B-flat Minor, Op. 35",test,2013,2013/ORIG-MIDI_02_7_10_13_Group_MID--AUDIO_14_R3_2013_wav--2.midi,2013/ORIG-MIDI_02_7_10_13_Group_MID--AUDIO_14_R3_2013_wav--2.wav,1127.25314625
674,Frédéric Chopin,Sonata No. 3,train,2006,2006/MIDI-Unprocessed_20_R1_2006_01-04_ORIG_MID--AUDIO_20_R1_2006_04_Track04_wav.midi,2006/MIDI-Unprocessed_20_R1_2006_01-04_ORIG_MID--AUDIO_20_R1_2006_04_Track04_wav.wav,1611.38460656
675,Frédéric Chopin,"Sonata No. 3 in B Minor, Op. 58",train,2004,2004/MIDI-Unprocessed_XP_09_R1_2004_05_ORIG_MID--AUDIO_09_R1_2004_06_Track06_wav.midi,2004/MIDI-Unprocessed_XP_09_R1_2004_05_ORIG_MID--AUDIO_09_R1_2004_06_Track06_wav.wav,493.142775994
676,Frédéric Chopin,"Sonata No. 3 in B Minor, Op. 58",train,2004,2004/MIDI-Unprocessed_XP_09_R1_2004_05_ORIG_MID--AUDIO_09_R1_2004_07_Track07_wav.midi,2004/MIDI-Unprocessed_XP_09_R1_2004_05_ORIG_MID--AUDIO_09_R1_2004_07_Track07_wav.wav,154.986722275
677,Frédéric Chopin,"Sonata No. 3 in B Minor, Op. 58",train,2004,2004/MIDI-Unprocessed_XP_09_R1_2004_05_ORIG_MID--AUDIO_09_R1_2004_08_Track08_wav.midi,2004/MIDI-Unprocessed_XP_09_R1_2004_05_ORIG_MID--AUDIO_09_R1_2004_08_Track08_wav.wav,768.135554506
678,Frédéric Chopin,"Sonata No. 3 in B Minor, Op. 58",train,2018,2018/MIDI-Unprocessed_Recital13-15_MID--AUDIO_13_R1_2018_wav--3.midi,2018/MIDI-Unprocessed_Recital13-15_MID--AUDIO_13_R1_2018_wav--3.wav,1639.91556094
679,Frédéric Chopin,"Sonata No. 3 in B Minor, Op. 58",train,2018,2018/MIDI-Unprocessed_Chamber5_MID--AUDIO_18_R3_2018_wav--1.midi,2018/MIDI-Unprocessed_Chamber5_MID--AUDIO_18_R3_2018_wav--1.wav,1607.37152297
680,Frédéric Chopin,"Sonata No. 3 in B Minor, Op. 58 (Complete)",train,2014,2014/MIDI-UNPROCESSED_06-08_R1_2014_MID--AUDIO_06_R1_2014_wav--2.midi,2014/MIDI-UNPROCESSED_06-08_R1_2014_MID--AUDIO_06_R1_2014_wav--2.wav,1551.77061703
681,Frédéric Chopin,"Sonata No. 3 in B Minor, Op. 58 (Complete)",train,2014,2014/MIDI-UNPROCESSED_21-22_R1_2014_MID--AUDIO_22_R1_2014_wav--5.midi,2014/MIDI-UNPROCESSED_21-22_R1_2014_MID--AUDIO_22_R1_2014_wav--5.wav,1458.97557094
682,Frédéric Chopin,"Sonata No. 3 in B Minor, Op. 58, 1st mov.",train,2013,2013/ORIG-MIDI_03_7_8_13_Group__MID--AUDIO_18_R2_2013_wav--4.midi,2013/ORIG-MIDI_03_7_8_13_Group__MID--AUDIO_18_R2_2013_wav--4.wav,528.9951975
683,Frédéric Chopin,"Sonata No. 3 in B Minor, Op. 58, I. Allegro maestoso",train,2017,2017/MIDI-Unprocessed_052_PIANO052_MID--AUDIO-split_07-06-17_Piano-e_3-03_wav--5.midi,2017/MIDI-Unprocessed_052_PIANO052_MID--AUDIO-split_07-06-17_Piano-e_3-03_wav--5.wav,507.502855104
684,Frédéric Chopin,"Sonata in B Minor, Op. 58",train,2004,2004/MIDI-Unprocessed_XP_18_R1_2004_04_ORIG_MID--AUDIO_18_R1_2004_07_Track07_wav.midi,2004/MIDI-Unprocessed_XP_18_R1_2004_04_ORIG_MID--AUDIO_18_R1_2004_07_Track07_wav.wav,1442.05450661
685,Frédéric Chopin,"Two Preludes from Op. 28, Nos. 15 and 24",train,2011,2011/MIDI-Unprocessed_11_R1_2011_MID--AUDIO_R1-D4_10_Track10_wav.midi,2011/MIDI-Unprocessed_11_R1_2011_MID--AUDIO_R1-D4_10_Track10_wav.wav,282.30741
686,Frédéric Chopin,"Two Preludes from Op. 28, Nos. 15 and 24",train,2011,2011/MIDI-Unprocessed_11_R1_2011_MID--AUDIO_R1-D4_11_Track11_wav.midi,2011/MIDI-Unprocessed_11_R1_2011_MID--AUDIO_R1-D4_11_Track11_wav.wav,117.120609375
687,Frédéric Chopin,"Valse brillante No. 1 in A-flat Major, Op. 34",test,2015,2015/MIDI-Unprocessed_R1_D2-13-20_mid--AUDIO-from_mp3_15_R1_2015_wav--4.midi,2015/MIDI-Unprocessed_R1_D2-13-20_mid--AUDIO-from_mp3_15_R1_2015_wav--4.wav,304.59375
688,Frédéric Chopin,"Variations and Fugue in E-flat Major, Op. 35, ""Eroica""",validation,2009,2009/MIDI-Unprocessed_07_R1_2009_01-03_ORIG_MID--AUDIO_07_R1_2009_07_R1_2009_02_WAV.midi,2009/MIDI-Unprocessed_07_R1_2009_01-03_ORIG_MID--AUDIO_07_R1_2009_07_R1_2009_02_WAV.wav,1424.93313703
